epoch,time,train/box_loss,train/cls_loss,train/dfl_loss,metrics/precision(B),metrics/recall(B),metrics/mAP50(B),metrics/mAP50-95(B),val/box_loss,val/cls_loss,val/dfl_loss,lr/pg0,lr/pg1,lr/pg2
1,17.0533,0,126.152,0,0,0,0,0,0,56.7121,0,2.5e-05,2.5e-05,2.5e-05
2,32.1888,0,124.68,0,0,0,0,0,0,56.7771,0,6.18813e-05,6.18813e-05,6.18813e-05
3,47.1531,0,122.432,0,0,0,0,0,0,56.8279,0,9.802e-05,9.802e-05,9.802e-05
4,61.7019,0,120.11,0,0,0,0,0,0,56.8445,0,0.000133416,0.000133416,0.000133416
5,76.9843,0,116.811,0,0,0,0,0,0,56.7896,0,0.00016807,0.00016807,0.00016807
6,91.9934,0,112.867,0,0,0,0,0,0,56.7237,0,0.000201981,0.000201981,0.000201981
7,106.581,0,110.796,0,0,0,0,0,0,56.5903,0,0.00023515,0.00023515,0.00023515
